{"cameraMode":{"drawMode":0,"name":"Shaded","section":"Shading Mode"},"sceneLighting":true,"audioPlay":false,"sceneViewState":{"showFog":true,"showMaterialUpdate":false,"showSkybox":true,"showFlares":true,"showImageEffects":true,"showParticleSystems":true},"in2DMode":false,"pivot":{"x":-30.803279876708986,"y":7.698421001434326,"z":55.28662109375},"rotation":{"x":-0.008127974346280098,"y":-0.9882237315177918,"z":0.07336457073688507,"w":-0.138326033949852},"size":0.00720524787902832,"orthographic":false}