{"cameraMode":{"drawMode":0,"name":"Shaded","section":"Shading Mode"},"sceneLighting":true,"audioPlay":false,"sceneViewState":{"showFog":true,"showMaterialUpdate":false,"showSkybox":true,"showFlares":true,"showImageEffects":true,"showParticleSystems":true},"in2DMode":false,"pivot":{"x":-43.12990188598633,"y":21.47797203063965,"z":7.854687213897705},"rotation":{"x":0.2441035360097885,"y":0.36174288392066958,"z":-0.09862005710601807,"w":0.8943957090377808},"size":3.2791073322296144,"orthographic":false}