{"cameraMode":{"drawMode":0,"name":"Shaded","section":"Shading Mode"},"sceneLighting":true,"audioPlay":false,"sceneViewState":{"showFog":true,"showMaterialUpdate":false,"showSkybox":true,"showFlares":true,"showImageEffects":true,"showParticleSystems":true},"in2DMode":false,"pivot":{"x":-135.61553955078126,"y":-39.474037170410159,"z":-26.730831146240236},"rotation":{"x":0.2533155679702759,"y":-0.7447232007980347,"z":0.39293161034584048,"w":0.4768858253955841},"size":99.96855926513672,"orthographic":false}