{"cameraMode":{"drawMode":0,"name":"Shaded","section":"Shading Mode"},"sceneLighting":true,"audioPlay":false,"sceneViewState":{"showFog":true,"showMaterialUpdate":false,"showSkybox":true,"showFlares":true,"showImageEffects":true,"showParticleSystems":true},"in2DMode":false,"pivot":{"x":1292.770751953125,"y":-1920.19580078125,"z":97.86637115478516},"rotation":{"x":-0.36462053656578066,"y":-0.5804237127304077,"z":0.325065016746521,"w":-0.6516333818435669},"size":2334.910888671875,"orthographic":false}