{"cameraMode":{"drawMode":0,"name":"Shaded","section":"Shading Mode"},"sceneLighting":false,"audioPlay":false,"sceneViewState":{"showFog":true,"showMaterialUpdate":false,"showSkybox":true,"showFlares":true,"showImageEffects":true,"showParticleSystems":true},"in2DMode":false,"pivot":{"x":-2.1319921016693117,"y":-5.4814348220825199,"z":0.7380428314208984},"rotation":{"x":-0.2840690612792969,"y":0.6631365418434143,"z":-0.302371621131897,"w":-0.6229977011680603},"size":2.8578836917877199,"orthographic":false}