{"cameraMode":{"drawMode":0,"name":"Shaded","section":"Shading Mode"},"sceneLighting":true,"audioPlay":false,"sceneViewState":{"showFog":true,"showMaterialUpdate":false,"showSkybox":true,"showFlares":true,"showImageEffects":true,"showParticleSystems":true},"in2DMode":false,"pivot":{"x":759.484375,"y":1024.5738525390625,"z":-1195.8978271484375},"rotation":{"x":-0.20577755570411683,"y":-0.021434014663100244,"z":0.004508587997406721,"w":-0.9783536791801453},"size":2.5994198322296144,"orthographic":false}