{"cameraMode":{"drawMode":0,"name":"Shaded","section":"Shading Mode"},"sceneLighting":false,"audioPlay":false,"sceneViewState":{"showFog":true,"showMaterialUpdate":false,"showSkybox":true,"showFlares":true,"showImageEffects":true,"showParticleSystems":true},"in2DMode":false,"pivot":{"x":12.559577941894532,"y":0.8480386734008789,"z":-1.617868423461914},"rotation":{"x":-0.28667259216308596,"y":0.6546086668968201,"z":-0.2961142361164093,"w":-0.6337372064590454},"size":2.8578848838806154,"orthographic":false}