{"cameraMode":{"drawMode":0,"name":"Shaded","section":"Shading Mode"},"sceneLighting":true,"audioPlay":false,"sceneViewState":{"showFog":true,"showMaterialUpdate":false,"showSkybox":true,"showFlares":true,"showImageEffects":true,"showParticleSystems":true},"in2DMode":false,"pivot":{"x":2.6965510845184328,"y":-21.72002410888672,"z":-42.24266052246094},"rotation":{"x":0.0057258629240095619,"y":0.9747328162193298,"z":-0.22187873721122743,"w":0.02515926957130432},"size":58.33654022216797,"orthographic":false}