{"cameraMode":{"drawMode":0,"name":"Shaded","section":"Shading Mode"},"sceneLighting":true,"audioPlay":false,"sceneViewState":{"showFog":true,"showMaterialUpdate":false,"showSkybox":true,"showFlares":true,"showImageEffects":true,"showParticleSystems":true},"in2DMode":false,"pivot":{"x":30.49185562133789,"y":1.4524272680282593,"z":18.965473175048829},"rotation":{"x":-0.053029246628284457,"y":0.8663190007209778,"z":-0.09420469403266907,"w":-0.48765239119529726},"size":2.3392786979675295,"orthographic":false}