{"cameraMode":{"drawMode":0,"name":"Shaded","section":"Shading Mode"},"sceneLighting":false,"audioPlay":false,"sceneViewState":{"showFog":true,"showMaterialUpdate":false,"showSkybox":true,"showFlares":true,"showImageEffects":true,"showParticleSystems":true},"in2DMode":false,"pivot":{"x":-42.63427734375,"y":2.314863920211792,"z":-0.47095274925231936},"rotation":{"x":-0.03823380544781685,"y":-0.7951563596725464,"z":0.050409577786922458,"w":-0.6030948758125305},"size":1.313655972480774,"orthographic":false}