{"cameraMode":{"drawMode":0,"name":"Shaded","section":"Shading Mode"},"sceneLighting":false,"audioPlay":false,"sceneViewState":{"showFog":true,"showMaterialUpdate":false,"showSkybox":true,"showFlares":true,"showImageEffects":true,"showParticleSystems":true},"in2DMode":false,"pivot":{"x":-1.3331815004348755,"y":2.6209335327148439,"z":-7.008618354797363},"rotation":{"x":-0.003201201092451811,"y":0.2557242810726166,"z":-0.0008469591266475618,"w":-0.9667441248893738},"size":1.3136582374572755,"orthographic":false}