{"cameraMode":{"drawMode":0,"name":"Shaded","section":"Shading Mode"},"sceneLighting":false,"audioPlay":false,"sceneViewState":{"showFog":true,"showMaterialUpdate":false,"showSkybox":true,"showFlares":true,"showImageEffects":true,"showParticleSystems":true},"in2DMode":false,"pivot":{"x":-23.6136531829834,"y":-1.246999979019165,"z":-16.344999313354493},"rotation":{"x":-0.2524601221084595,"y":-0.2050701081752777,"z":0.054840877652168277,"w":-0.9440352916717529},"size":0.797051727771759,"orthographic":false}