{"cameraMode":{"drawMode":0,"name":"Shaded","section":"Shading Mode"},"sceneLighting":false,"audioPlay":false,"sceneViewState":{"showFog":true,"showMaterialUpdate":false,"showSkybox":true,"showFlares":true,"showImageEffects":true,"showParticleSystems":true},"in2DMode":false,"pivot":{"x":0.08969289809465409,"y":2.090961217880249,"z":0.5550310611724854},"rotation":{"x":-0.018307067453861238,"y":-0.014399239793419838,"z":0.000263584399363026,"w":-0.9997286796569824},"size":3.463528633117676,"orthographic":false}