{"cameraMode":{"drawMode":0,"name":"Shaded","section":"Shading Mode"},"sceneLighting":false,"audioPlay":false,"sceneViewState":{"showFog":true,"showMaterialUpdate":false,"showSkybox":true,"showFlares":true,"showImageEffects":true,"showParticleSystems":true},"in2DMode":false,"pivot":{"x":-23.673999786376954,"y":-1.2389999628067017,"z":-15.883999824523926},"rotation":{"x":-0.2524601221084595,"y":-0.2050701081752777,"z":0.054840877652168277,"w":-0.9440352916717529},"size":0.8191229104995728,"orthographic":false}