{"cameraMode":{"drawMode":0,"name":"Shaded","section":"Shading Mode"},"sceneLighting":false,"audioPlay":false,"sceneViewState":{"showFog":true,"showMaterialUpdate":false,"showSkybox":true,"showFlares":true,"showImageEffects":true,"showParticleSystems":true},"in2DMode":false,"pivot":{"x":-24.226238250732423,"y":-1.9153058528900147,"z":-16.369823455810548},"rotation":{"x":-0.24420568346977235,"y":0.20100346207618714,"z":-0.051820192486047748,"w":-0.9472464919090271},"size":1.1089019775390626,"orthographic":false}