{"cameraMode":{"drawMode":0,"name":"Shaded","section":"Shading Mode"},"sceneLighting":false,"audioPlay":false,"sceneViewState":{"showFog":true,"showMaterialUpdate":false,"showSkybox":true,"showFlares":true,"showImageEffects":true,"showParticleSystems":true},"in2DMode":false,"pivot":{"x":-23.9852237701416,"y":-1.277146577835083,"z":-16.198486328125},"rotation":{"x":-0.2524601221084595,"y":-0.2050701081752777,"z":0.054840877652168277,"w":-0.9440352916717529},"size":0.6880919933319092,"orthographic":false}