{"cameraMode":{"drawMode":0,"name":"Shaded","section":"Shading Mode"},"sceneLighting":true,"audioPlay":false,"sceneViewState":{"showFog":true,"showMaterialUpdate":false,"showSkybox":true,"showFlares":true,"showImageEffects":true,"showParticleSystems":true},"in2DMode":false,"pivot":{"x":240.74908447265626,"y":239.408203125,"z":-307.931884765625},"rotation":{"x":0.03567994013428688,"y":-0.008395981974899769,"z":-0.0002997088886331767,"w":-0.9993280172348023},"size":2.500554084777832,"orthographic":false}