{"cameraMode":{"drawMode":0,"name":"Shaded","section":"Shading Mode"},"sceneLighting":false,"audioPlay":false,"sceneViewState":{"showFog":true,"showMaterialUpdate":false,"showSkybox":true,"showFlares":true,"showImageEffects":true,"showParticleSystems":true},"in2DMode":false,"pivot":{"x":-21.96075439453125,"y":-1.590999960899353,"z":-15.913999557495118},"rotation":{"x":-0.2524601221084595,"y":-0.2050701081752777,"z":0.054840877652168277,"w":-0.9440352916717529},"size":0.7332870364189148,"orthographic":false}