{"cameraMode":{"drawMode":0,"name":"Shaded","section":"Shading Mode"},"sceneLighting":false,"audioPlay":false,"sceneViewState":{"showFog":true,"showMaterialUpdate":false,"showSkybox":true,"showFlares":true,"showImageEffects":true,"showParticleSystems":true},"in2DMode":false,"pivot":{"x":-21.931875228881837,"y":-1.5479998588562012,"z":-15.550370216369629},"rotation":{"x":-0.0512847900390625,"y":-0.7109077572822571,"z":-0.05212371423840523,"w":0.69947350025177},"size":3.038153886795044,"orthographic":false}