{"cameraMode":{"drawMode":0,"name":"Shaded","section":"Shading Mode"},"sceneLighting":false,"audioPlay":false,"sceneViewState":{"showFog":true,"showMaterialUpdate":false,"showSkybox":true,"showFlares":true,"showImageEffects":true,"showParticleSystems":true},"in2DMode":false,"pivot":{"x":-23.9852237701416,"y":-0.9350146055221558,"z":-16.198486328125},"rotation":{"x":0.03929482400417328,"y":-0.020990807563066484,"z":0.000824664777610451,"w":0.9990068674087524},"size":2.4468626976013185,"orthographic":false}