{"cameraMode":{"drawMode":0,"name":"Shaded","section":"Shading Mode"},"sceneLighting":false,"audioPlay":false,"sceneViewState":{"showFog":true,"showMaterialUpdate":false,"showSkybox":true,"showFlares":true,"showImageEffects":true,"showParticleSystems":true},"in2DMode":false,"pivot":{"x":-21.96075439453125,"y":-1.590999960899353,"z":-15.913999557495118},"rotation":{"x":-0.0512847900390625,"y":-0.7109077572822571,"z":-0.05212371423840523,"w":0.69947350025177},"size":2.566498041152954,"orthographic":false}