{"cameraMode":{"drawMode":0,"name":"Shaded","section":"Shading Mode"},"sceneLighting":true,"audioPlay":false,"sceneViewState":{"showFog":true,"showMaterialUpdate":false,"showSkybox":true,"showFlares":true,"showImageEffects":true,"showParticleSystems":true},"in2DMode":false,"pivot":{"x":568.3177490234375,"y":448.9041748046875,"z":-252.34681701660157},"rotation":{"x":0.1597108244895935,"y":-0.07101664692163468,"z":0.011518971994519234,"w":0.9845386743545532},"size":163.46347045898438,"orthographic":false}