{"cameraMode":{"drawMode":0,"name":"Shaded","section":"Shading Mode"},"sceneLighting":false,"audioPlay":false,"sceneViewState":{"showFog":true,"showMaterialUpdate":false,"showSkybox":true,"showFlares":true,"showImageEffects":true,"showParticleSystems":true},"in2DMode":false,"pivot":{"x":7.357999801635742,"y":3.681999921798706,"z":2.302999973297119},"rotation":{"x":0.09270990639925003,"y":0.09988752752542496,"z":-0.009349287487566471,"w":0.9906260371208191},"size":22.0,"orthographic":false}