{"cameraMode":{"drawMode":0,"name":"Shaded","section":"Shading Mode"},"sceneLighting":false,"audioPlay":false,"sceneViewState":{"showFog":true,"showMaterialUpdate":false,"showSkybox":true,"showFlares":true,"showImageEffects":true,"showParticleSystems":true},"in2DMode":false,"pivot":{"x":-0.4050000309944153,"y":3.2850000858306886,"z":0.0},"rotation":{"x":0.11406370252370835,"y":-0.004479244351387024,"z":0.0005132808000780642,"w":0.9934632778167725},"size":11.493171691894532,"orthographic":false}