{"cameraMode":{"drawMode":0,"name":"Shaded","section":"Shading Mode"},"sceneLighting":false,"audioPlay":false,"sceneViewState":{"showFog":true,"showMaterialUpdate":false,"showSkybox":true,"showFlares":true,"showImageEffects":true,"showParticleSystems":true},"in2DMode":false,"pivot":{"x":-24.475757598876954,"y":-1.9399834871292115,"z":-16.081829071044923},"rotation":{"x":0.03929482400417328,"y":-0.020990807563066484,"z":0.000824664777610451,"w":0.9990068674087524},"size":2.909288167953491,"orthographic":false}