{"cameraMode":{"drawMode":0,"name":"Shaded","section":"Shading Mode"},"sceneLighting":false,"audioPlay":false,"sceneViewState":{"showFog":true,"showMaterialUpdate":false,"showSkybox":true,"showFlares":true,"showImageEffects":true,"showParticleSystems":true},"in2DMode":false,"pivot":{"x":-23.31996726989746,"y":-1.222000002861023,"z":-15.943307876586914},"rotation":{"x":0.03929482400417328,"y":-0.020990807563066484,"z":0.000824664777610451,"w":0.9990068674087524},"size":2.51853609085083,"orthographic":false}