{"cameraMode":{"drawMode":0,"name":"Shaded","section":"Shading Mode"},"sceneLighting":false,"audioPlay":false,"sceneViewState":{"showFog":true,"showMaterialUpdate":false,"showSkybox":true,"showFlares":true,"showImageEffects":true,"showParticleSystems":true},"in2DMode":false,"pivot":{"x":-0.4050000309944153,"y":3.2850000858306886,"z":0.0},"rotation":{"x":-0.0722464919090271,"y":0.002092021517455578,"z":-0.00015154818538576365,"w":-0.9973846077919006},"size":11.493171691894532,"orthographic":false}