{"cameraMode":{"drawMode":0,"name":"Shaded","section":"Shading Mode"},"sceneLighting":false,"audioPlay":false,"sceneViewState":{"showFog":true,"showMaterialUpdate":false,"showSkybox":true,"showFlares":true,"showImageEffects":true,"showParticleSystems":true},"in2DMode":false,"pivot":{"x":-23.673999786376954,"y":-1.2390000820159913,"z":-15.883999824523926},"rotation":{"x":0.03929482400417328,"y":-0.020990807563066484,"z":0.000824664777610451,"w":0.9990068674087524},"size":2.4573616981506349,"orthographic":false}