{"cameraMode":{"drawMode":0,"name":"Shaded","section":"Shading Mode"},"sceneLighting":true,"audioPlay":false,"sceneViewState":{"showFog":true,"showMaterialUpdate":false,"showSkybox":true,"showFlares":true,"showImageEffects":true,"showParticleSystems":true},"in2DMode":false,"pivot":{"x":281.5559997558594,"y":68.56523132324219,"z":33.37841796875},"rotation":{"x":-0.03069748915731907,"y":0.6581569314002991,"z":-0.026874898001551629,"w":-0.7517744302749634},"size":62.915409088134769,"orthographic":false}