{"cameraMode":{"drawMode":0,"name":"Shaded","section":"Shading Mode"},"sceneLighting":true,"audioPlay":false,"sceneViewState":{"showFog":true,"showMaterialUpdate":false,"showSkybox":true,"showFlares":true,"showImageEffects":true,"showParticleSystems":true},"in2DMode":false,"pivot":{"x":27.296037673950197,"y":1.5545434951782227,"z":-40.50210189819336},"rotation":{"x":-0.13080883026123048,"y":0.18324878811836244,"z":-0.024611426517367364,"w":-0.9740140438079834},"size":10.0,"orthographic":false}