{"cameraMode":{"drawMode":0,"name":"Shaded","section":"Shading Mode"},"sceneLighting":false,"audioPlay":false,"sceneViewState":{"showFog":true,"showMaterialUpdate":false,"showSkybox":true,"showFlares":true,"showImageEffects":true,"showParticleSystems":true},"in2DMode":false,"pivot":{"x":47.74854278564453,"y":12.243610382080079,"z":24.479110717773439},"rotation":{"x":-0.07261264324188233,"y":0.9258156418800354,"z":-0.23276807367801667,"w":-0.2888111174106598},"size":23.334524154663087,"orthographic":false}