{"cameraMode":{"drawMode":0,"name":"Shaded","section":"Shading Mode"},"sceneLighting":true,"audioPlay":false,"sceneViewState":{"showFog":true,"showMaterialUpdate":false,"showSkybox":true,"showFlares":true,"showImageEffects":true,"showParticleSystems":true},"in2DMode":false,"pivot":{"x":45.927337646484378,"y":5.280380725860596,"z":24.136037826538087},"rotation":{"x":-0.18209624290466309,"y":0.5975139141082764,"z":-0.1416826695203781,"w":-0.7679479718208313},"size":4.666904449462891,"orthographic":false}