{"cameraMode":{"drawMode":0,"name":"Shaded","section":"Shading Mode"},"sceneLighting":true,"audioPlay":false,"sceneViewState":{"showFog":true,"showMaterialUpdate":false,"showSkybox":true,"showFlares":true,"showImageEffects":true,"showParticleSystems":true},"in2DMode":false,"pivot":{"x":13.575297355651856,"y":3.17325496673584,"z":13.120735168457032},"rotation":{"x":-0.05805137753486633,"y":-0.39680635929107668,"z":0.025155365467071534,"w":-0.9157193899154663},"size":10.0,"orthographic":false}